{
  "loss": [
    0.07575909048318863,
    0.07168616354465485,
    0.07135065644979477,
    0.07132749259471893,
    0.07119212299585342,
    0.07107335329055786,
    0.07102996110916138,
    0.07099568098783493,
    0.06982585787773132,
    0.04685346782207489,
    0.027996378019452095,
    0.026892440393567085,
    0.020495155826210976,
    0.018847597762942314,
    0.018315793946385384,
    0.01814740151166916,
    0.018219560384750366,
    0.018441855907440186,
    0.01884433999657631,
    0.018138794228434563,
    0.017638402059674263,
    0.0178168173879385,
    0.01799318753182888,
    0.01854671910405159,
    0.017934123054146767,
    0.017354905605316162,
    0.01774640753865242,
    0.018112720921635628,
    0.017958948388695717,
    0.017248718068003654,
    0.016922220587730408,
    0.016926642507314682,
    0.016966063529253006,
    0.017080919817090034,
    0.01728815957903862,
    0.01787850819528103,
    0.01786365732550621,
    0.01662687584757805,
    0.016419926658272743,
    0.01666947454214096,
    0.01696392148733139,
    0.016405366361141205,
    0.01611259952187538,
    0.01631562039256096,
    0.016559958457946777,
    0.01641032099723816,
    0.016346631571650505,
    0.016526008024811745,
    0.0168241448700428,
    0.016170840710401535,
    0.01605742983520031,
    0.01644406095147133,
    0.016615409404039383,
    0.016499722376465797,
    0.016345804557204247,
    0.01660020276904106,
    0.01673913188278675,
    0.016061941161751747,
    0.015957046300172806,
    0.01653052493929863,
    0.01704971119761467,
    0.016181524842977524,
    0.01582963950932026
  ],
  "mae": [
    0.18230237066745758,
    0.18817463517189026,
    0.18800896406173706,
    0.18812121450901031,
    0.18839485943317413,
    0.1884116530418396,
    0.18836526572704315,
    0.18838180601596832,
    0.18620721995830536,
    0.1326581984758377,
    0.09587619453668594,
    0.09249884635210037,
    0.07859941571950912,
    0.07408559322357178,
    0.07250022888183594,
    0.07201085239648819,
    0.07204669713973999,
    0.0725485235452652,
    0.07348579913377762,
    0.07183162868022919,
    0.0703478679060936,
    0.07065203785896301,
    0.07086294144392014,
    0.0725930705666542,
    0.07107069343328476,
    0.0692046657204628,
    0.06972101330757141,
    0.07118160277605057,
    0.07091514021158218,
    0.06856629997491837,
    0.06743454188108444,
    0.06734341382980347,
    0.06735291332006454,
    0.06770475953817368,
    0.06833351403474808,
    0.07015151530504227,
    0.07042206078767776,
    0.06665775179862976,
    0.06573306769132614,
    0.06647050380706787,
    0.06749285757541656,
    0.06560583412647247,
    0.06448154896497726,
    0.06511572748422623,
    0.06595814973115921,
    0.06552769988775253,
    0.0653688907623291,
    0.06601261347532272,
    0.0669938176870346,
    0.06476017087697983,
    0.06429696828126907,
    0.06562754511833191,
    0.06615810096263885,
    0.0659680888056755,
    0.06542769074440002,
    0.06639750301837921,
    0.06705380976200104,
    0.0645228698849678,
    0.0640554428100586,
    0.06602471321821213,
    0.06784152239561081,
    0.06492233276367188,
    0.06370379775762558
  ],
  "mse": [
    0.07575909048318863,
    0.07168616354465485,
    0.07135065644979477,
    0.07132749259471893,
    0.07119212299585342,
    0.07107335329055786,
    0.07102996110916138,
    0.07099568098783493,
    0.06982585787773132,
    0.04685346782207489,
    0.027996378019452095,
    0.026892440393567085,
    0.020495155826210976,
    0.018847597762942314,
    0.018315793946385384,
    0.01814740151166916,
    0.018219560384750366,
    0.018441855907440186,
    0.01884433999657631,
    0.018138794228434563,
    0.017638402059674263,
    0.0178168173879385,
    0.01799318753182888,
    0.01854671910405159,
    0.017934123054146767,
    0.017354905605316162,
    0.01774640753865242,
    0.018112720921635628,
    0.017958948388695717,
    0.017248718068003654,
    0.016922220587730408,
    0.016926642507314682,
    0.016966063529253006,
    0.017080919817090034,
    0.01728815957903862,
    0.01787850819528103,
    0.01786365732550621,
    0.01662687584757805,
    0.016419926658272743,
    0.01666947454214096,
    0.01696392148733139,
    0.016405366361141205,
    0.01611259952187538,
    0.01631562039256096,
    0.016559958457946777,
    0.01641032099723816,
    0.016346631571650505,
    0.016526008024811745,
    0.0168241448700428,
    0.016170840710401535,
    0.01605742983520031,
    0.01644406095147133,
    0.016615409404039383,
    0.016499722376465797,
    0.016345804557204247,
    0.01660020276904106,
    0.01673913188278675,
    0.016061941161751747,
    0.015957046300172806,
    0.01653052493929863,
    0.01704971119761467,
    0.016181524842977524,
    0.01582963950932026
  ],
  "val_loss": [
    0.06905168294906616,
    0.06870602816343307,
    0.0687161535024643,
    0.06882891058921814,
    0.0688234493136406,
    0.06875449419021606,
    0.0687098577618599,
    0.06867717951536179,
    0.058411650359630585,
    0.03061506897211075,
    0.02217603661119938,
    0.022002743557095528,
    0.018873482942581177,
    0.018397891893982887,
    0.018181324005126953,
    0.018325377255678177,
    0.018404198810458183,
    0.018327981233596802,
    0.018056433647871017,
    0.017792828381061554,
    0.01793007180094719,
    0.017567962408065796,
    0.01768161728978157,
    0.017479287460446358,
    0.018000492826104164,
    0.017220478504896164,
    0.017619837075471878,
    0.017972290515899658,
    0.017565717920660973,
    0.0168276559561491,
    0.016834357753396034,
    0.016983268782496452,
    0.017249055206775665,
    0.01744334027171135,
    0.017244378104805946,
    0.017312979325652122,
    0.017094070091843605,
    0.016675693914294243,
    0.016635596752166748,
    0.017196066677570343,
    0.01696733385324478,
    0.01652001589536667,
    0.016346190124750137,
    0.01649223454296589,
    0.016780361533164978,
    0.016766048967838287,
    0.016833167523145676,
    0.017116650938987732,
    0.016880299896001816,
    0.016431191936135292,
    0.01649980992078781,
    0.016593340784311295,
    0.016799665987491608,
    0.016634909436106682,
    0.016485190019011497,
    0.016716960817575455,
    0.016566520556807518,
    0.016470609232783318,
    0.016544969752430916,
    0.017461659386754036,
    0.017006857320666313,
    0.016509180888533592,
    0.016588913276791573
  ],