{
  "loss": [
    0.07130944728851318,
    0.06888701766729355,
    0.068814717233181,
    0.06883200258016586,
    0.06854688376188278,
    0.06675701588392258,
    0.06631384044885635,
    0.06641793996095657,
    0.06617920845746994,
    0.06525121629238129,
    0.05798693746328354,
    0.053700193762779236,
    0.04812440276145935,
    0.039341121912002563,
    0.035125356167554855,
    0.03144727647304535,
    0.02854042872786522,
    0.028946394100785255,
    0.02298002503812313,
    0.022826774045825005,
    0.022368421778082848,
    0.021607987582683563,
    0.021132543683052063,
    0.02100439742207527,
    0.021233385428786278,
    0.02053779736161232,
    0.02012564428150654,
    0.01928153820335865,
    0.01940120942890644,
    0.018975667655467987,
    0.019367048516869545,
    0.018797865137457848,
    0.018307065591216087,
    0.018453465774655342,
    0.019960323348641396,
    0.018229302018880844,
    0.01791287772357464,
    0.017836585640907288,
    0.017560090869665146,
    0.017680315300822258,
    0.017751572653651237,
    0.0176800936460495,
    0.017379073426127434,
    0.01687345840036869,
    0.01688673160970211,
    0.01694178208708763,
    0.01693851500749588,
    0.017146553844213486,
    0.016917962580919266,
    0.017533322796225548,
    0.017143696546554565,
    0.017568672075867653,
    0.01725931465625763,
    0.022083913907408714,
    0.023321660235524178,
    0.019562076777219772,
    0.019088374450802803,
    0.019202155992388725,
    0.0196645837277174,
    0.032320380210876465,
    0.02301228791475296,
    0.02175643853843212,
    0.02074049785733223
  ],
  "mae": [
    0.18914182484149933,
    0.19185437262058258,
    0.19162750244140625,
    0.19145691394805908,
    0.19112436473369598,
    0.19390805065631866,
    0.19373711943626404,
    0.19451618194580078,
    0.1937996745109558,
    0.19153009355068207,
    0.16848400235176086,
    0.1654660701751709,
    0.15190567076206207,
    0.12991996109485626,
    0.11888542771339417,
    0.10814610123634338,
    0.10276644676923752,
    0.10437381267547607,
    0.09083008766174316,
    0.08891180902719498,
    0.08786657452583313,
    0.08508691191673279,
    0.08484090119600296,
    0.08398636430501938,
    0.0843212679028511,
    0.08269031345844269,
    0.08196086436510086,
    0.0795789435505867,
    0.07983118295669556,
    0.07865405082702637,
    0.07929408550262451,
    0.07815911620855331,
    0.07704010605812073,
    0.07712294161319733,
    0.08124680072069168,
    0.07681185752153397,
    0.0756114274263382,
    0.07514099776744843,
    0.07459400594234467,
    0.07473199814558029,
    0.07478716224431992,
    0.07476698607206345,
    0.07401569932699203,
    0.0724899172782898,
    0.0722995474934578,
    0.07252218574285507,
    0.07261250168085098,
    0.07311858236789703,
    0.07234375178813934,
    0.07389040291309357,
    0.07336961477994919,
    0.0742848813533783,
    0.07354222238063812,
    0.08337267488241196,
    0.088628850877285,
    0.08031705766916275,
    0.07856278866529465,
    0.07882855832576752,
    0.08007974922657013,
    0.10798328369855881,
    0.08936884254217148,
    0.08572301268577576,
    0.08298126608133316
  ],
  "mse": [
    0.07130944728851318,
    0.06888701766729355,
    0.068814717233181,
    0.06883200258016586,
    0.06854688376188278,
    0.06675701588392258,
    0.06631384044885635,
    0.06641793996095657,
    0.06617920845746994,
    0.06525121629238129,
    0.05798693746328354,
    0.053700193762779236,
    0.04812440276145935,
    0.039341121912002563,
    0.035125356167554855,
    0.03144727647304535,
    0.02854042872786522,
    0.028946394100785255,
    0.02298002503812313,
    0.022826774045825005,
    0.022368421778082848,
    0.021607987582683563,
    0.021132543683052063,
    0.02100439742207527,
    0.021233385428786278,
    0.02053779736161232,
    0.02012564428150654,
    0.01928153820335865,
    0.01940120942890644,
    0.018975667655467987,
    0.019367048516869545,
    0.018797865137457848,
    0.018307065591216087,
    0.018453465774655342,
    0.019960323348641396,
    0.018229302018880844,
    0.01791287772357464,
    0.017836585640907288,
    0.017560090869665146,
    0.017680315300822258,
    0.017751572653651237,
    0.0176800936460495,
    0.017379073426127434,
    0.01687345840036869,
    0.01688673160970211,
    0.01694178208708763,
    0.01693851500749588,
    0.017146553844213486,
    0.016917962580919266,
    0.017533322796225548,
    0.017143696546554565,
    0.017568672075867653,
    0.01725931465625763,
    0.022083913907408714,
    0.023321660235524178,
    0.019562076777219772,
    0.019088374450802803,
    0.019202155992388725,
    0.0196645837277174,
    0.032320380210876465,
    0.02301228791475296,
    0.02175643853843212,
    0.02074049785733223
  ],
  "val_loss": [
    0.06662119925022125,
    0.06654874235391617,
    0.06647025793790817,
    0.06641597300767899,
    0.06664396077394485,
    0.06381871551275253,
    0.06435670703649521,
    0.0639277845621109,
    0.06450837850570679,
    0.05955217778682709,
    0.054978590458631516,
    0.048564352095127106,
    0.04136713594198227,
    0.036827489733695984,
    0.03276035189628601,
    0.026317525655031204,
    0.03628907725214958,
    0.022995688021183014,
    0.02446724660694599,
    0.020563913509249687,
    0.02008889801800251,
    0.01944352127611637,
    0.021222606301307678,
    0.02019359916448593,
    0.02061651088297367,
    0.02026030421257019,
    0.01893736980855465,
    0.019622117280960083,
    0.018272582441568375,
    0.01994023285806179,
    0.017911182716488838,
    0.01790580525994301,
    0.017834234982728958,
    0.01866937056183815,
    0.017809268087148666,
    0.01729920692741871,
    0.017104679718613625,
    0.016969814896583557,
    0.017478294670581818,
    0.016737962141633034,
    0.01685466431081295,
    0.017256034538149834,
    0.016530249267816544,
    0.01678594946861267,
    0.01692785695195198,
    0.016964754089713097,
    0.01658879779279232,
    0.016933558508753777,
    0.016636861488223076,
    0.016968518495559692,
    0.017480196431279182,
    0.016632292419672012,
    0.017705757170915604,
    0.025066139176487923,
    0.01951102912425995,
    0.018000565469264984,
    0.01804479956626892,
    0.017911497503519058,
    0.02568737417459488,
    0.02239673212170601,
    0.021515749394893646,
    0.020091289654374123,
    0.02129676751792431
  ],