{
  "loss": [
    0.0633871778845787,
    0.06066516041755676,
    0.0605132021009922,
    0.06038898229598999,
    0.060253068804740906,
    0.060074612498283386,
    0.05396244302392006,
    0.04830797389149666,
    0.032690923660993576,
    0.024756882339715958,
    0.018276318907737732,
    0.0155899403616786,
    0.013894432224333286,
    0.01378205418586731,
    0.014510576613247395,
    0.014052912592887878,
    0.012833911925554276,
    0.013519296422600746,
    0.015585500746965408,
    0.013944351114332676,
    0.012207173742353916,
    0.011947179213166237,
    0.012020613998174667,
    0.013069101609289646,
    0.015126116573810577,
    0.013275837525725365,
    0.011876392178237438,
    0.011715097352862358,
    0.011912472546100616,
    0.012331475503742695,
    0.01243948470801115,
    0.011706915684044361,
    0.011410762555897236,
    0.011411706916987896,
    0.011696485802531242,
    0.012503093108534813,
    0.01255333237349987,
    0.011427544988691807,
    0.01144668459892273,
    0.011440186761319637,
    0.011858983896672726,
    0.011759797111153603,
    0.011447623372077942,
    0.011317306198179722,
    0.011211900971829891,
    0.01127441693097353,
    0.0115559296682477,
    0.011963230557739735,
    0.011599564924836159,
    0.01096473727375269,
    0.010945270769298077,
    0.011321483179926872,
    0.011530807241797447,
    0.01126942876726389,
    0.011319316923618317,
    0.011231595650315285,
    0.010916592553257942,
    0.011006363667547703,
    0.010996035300195217,
    0.010880185291171074,
    0.010886832140386105,
    0.010837563313543797,
    0.010926437564194202,
    0.011053849942982197,
    0.011103595606982708,
    0.01115002203732729,
    0.010939338244497776,
    0.010652783326804638,
    0.010603236965835094,
    0.01060250774025917,
    0.01053448487073183,
    0.010763994418084621,
    0.011323627084493637,
    0.011120951734483242,
    0.010744360275566578,
    0.010641501285135746,
    0.010760468430817127,
    0.010765215381979942,
    0.010717848315834999,
    0.01056780107319355,
    0.01069075521081686,
    0.010698508471250534,
    0.010446466505527496,
    0.010394691489636898,
    0.010572141036391258,
    0.011663760989904404,
    0.011643989942967892
  ],
  "mae": [
    0.16572707891464233,
    0.16886897385120392,
    0.16895398497581482,
    0.1692577302455902,
    0.16935478150844574,
    0.16914954781532288,
    0.15376004576683044,
    0.14513790607452393,
    0.10519225895404816,
    0.088955357670784,
    0.07596614956855774,
    0.06899389624595642,
    0.0640348345041275,
    0.06314384192228317,
    0.06495904922485352,
    0.063984714448452,
    0.060136545449495316,
    0.06156615912914276,
    0.06750207394361496,
    0.06405220925807953,
    0.058141790330410004,
    0.05667516961693764,
    0.056739989668130875,
    0.06025198847055435,
    0.06653071939945221,
    0.06166527792811394,
    0.05645723640918732,
    0.055626850575208664,
    0.05646970495581627,
    0.058165259659290314,
    0.05844341963529587,
    0.05567767843604088,
    0.05454863980412483,
    0.05460069328546524,
    0.05569617822766304,
    0.05871330946683884,
    0.05906830355525017,
    0.05475456640124321,
    0.05463641136884689,
    0.05490923300385475,
    0.05659700930118561,
    0.0563434474170208,
    0.054967742413282394,
    0.054447002708911896,
    0.053946852684020996,
    0.054351381957530975,
    0.05551121383905411,
    0.056793998926877975,
    0.05576266348361969,
    0.05318671837449074,
    0.053215958178043365,
    0.054758261889219284,
    0.05563437566161156,
    0.05450773239135742,
    0.05459781736135483,
    0.05445530265569687,
    0.053183749318122864,
    0.05354543402791023,
    0.053490716964006424,
    0.053062696009874344,
    0.05328546091914177,
    0.05308160185813904,
    0.05335055664181709,
    0.05384596809744835,
    0.05410730838775635,
    0.0542193241417408,
    0.05309903994202614,
    0.05207925662398338,
    0.052035167813301086,
    0.05206490308046341,
    0.051759518682956696,
    0.052638016641139984,
    0.05473335087299347,
    0.05414149537682533,
    0.05273133143782616,
    0.05249672010540962,
    0.05284367501735687,
    0.05286780372262001,
    0.0526767373085022,
    0.05199883133172989,
    0.052511066198349,
    0.052658889442682266,
    0.051651936024427414,
    0.051357291638851166,
    0.052044037729501724,
    0.05616586282849312,
    0.05625777691602707
  ],
  "mse": [
    0.0633871778845787,
    0.06066516041755676,
    0.0605132021009922,
    0.06038898229598999,
    0.060253068804740906,
    0.060074612498283386,
    0.05396244302392006,
    0.04830797389149666,
    0.032690923660993576,
    0.024756882339715958,
    0.018276318907737732,
    0.0155899403616786,
    0.013894432224333286,
    0.01378205418586731,
    0.014510576613247395,
    0.014052912592887878,
    0.012833911925554276,
    0.013519296422600746,
    0.015585500746965408,
    0.013944351114332676,
    0.012207173742353916,
    0.011947179213166237,
    0.012020613998174667,
    0.013069101609289646,
    0.015126116573810577,
    0.013275837525725365,
    0.011876392178237438,
    0.011715097352862358,
    0.011912472546100616,
    0.012331475503742695,
    0.01243948470801115,
    0.011706915684044361,
    0.011410762555897236,
    0.011411706916987896,
    0.011696485802531242,
    0.012503093108534813,
    0.01255333237349987,
    0.011427544988691807,
    0.01144668459892273,
    0.011440186761319637,
    0.011858983896672726,
    0.011759797111153603,
    0.011447623372077942,
    0.011317306198179722,
    0.011211900971829891,
    0.01127441693097353,
    0.0115559296682477,
    0.011963230557739735,
    0.011599564924836159,
    0.01096473727375269,
    0.010945270769298077,
    0.011321483179926872,
    0.011530807241797447,
    0.01126942876726389,
    0.011319316923618317,
    0.011231595650315285,
    0.010916592553257942,
    0.011006363667547703,
    0.010996035300195217,
    0.010880185291171074,
    0.010886832140386105,
    0.010837563313543797,
    0.010926437564194202,
    0.011053849942982197,
    0.011103595606982708,
    0.01115002203732729,
    0.010939338244497776,
    0.010652783326804638,
    0.010603236965835094,
    0.01060250774025917,
    0.01053448487073183,
    0.010763994418084621,
    0.011323627084493637,
    0.011120951734483242,
    0.010744360275566578,
    0.010641501285135746,
    0.010760468430817127,
    0.010765215381979942,
    0.010717848315834999,
    0.01056780107319355,
    0.01069075521081686,
    0.010698508471250534,
    0.010446466505527496,
    0.010394691489636898,
    0.010572141036391258,
    0.011663760989904404,
    0.011643989942967892
  ],