{
  "loss": [
    0.07238300144672394,
    0.06742823123931885,
    0.06714651733636856,
    0.06711044162511826,
    0.0669093132019043,
    0.06671121716499329,
    0.06663438677787781,
    0.06659412384033203,
    0.0664459615945816,
    0.05721043422818184,
    0.032346341758966446,
    0.023954709991812706,
    0.020022835582494736,
    0.017511965706944466,
    0.016172155737876892,
    0.015718946233391762,
    0.016137421131134033,
    0.01824645698070526,
    0.01818602904677391,
    0.015322383493185043,
    0.015210001729428768,
    0.015166799537837505,
    0.015614240430295467,
    0.01554884947836399,
    0.015297711826860905,
    0.014630064368247986,
    0.014980088919401169,
    0.01525007002055645,
    0.015044393949210644,
    0.01426392886787653,
    0.014683266170322895,
    0.015342433005571365,
    0.015313706360757351,
    0.014349096454679966,
    0.014372210018336773,
    0.014677410013973713,
    0.014183261431753635,
    0.013557854108512402,
    0.01390804536640644,
    0.014537157490849495,
    0.015197244472801685,
    0.01446747686713934,
    0.013821537606418133,
    0.013832608237862587,
    0.013423006981611252,
    0.013170472346246243,
    0.013104619458317757,
    0.01311533059924841,
    0.013397560454905033,
    0.013722802512347698,
    0.014088311232626438,
    0.014224903658032417,
    0.015044363215565681,
    0.014007164165377617,
    0.013452589511871338,
    0.013077666983008385,
    0.013074005953967571,
    0.0136431735008955,
    0.013553926721215248,
    0.01349158026278019,
    0.01318435464054346,
    0.013273388147354126,
    0.013280748389661312,
    0.013182944618165493,
    0.013217796571552753,
    0.013255584053695202,
    0.01356475055217743,
    0.013723182491958141,
    0.013037857599556446,
    0.013054542243480682,
    0.013057799078524113,
    0.013244549743831158,
    0.0131684560328722,
    0.012782484292984009,
    0.012858462519943714,
    0.013482794165611267
  ],
  "mae": [
    0.18715369701385498,
    0.19406619668006897,
    0.19398494064807892,
    0.19429121911525726,
    0.1946995109319687,
    0.19503657519817352,
    0.19494213163852692,
    0.19493073225021362,
    0.19488932192325592,
    0.17083299160003662,
    0.11049630492925644,
    0.09039738774299622,
    0.0806368738412857,
    0.07442456483840942,
    0.07081867009401321,
    0.06943610310554504,
    0.07021460682153702,
    0.0760270431637764,
    0.07634232193231583,
    0.06899599730968475,
    0.06851594895124435,
    0.06817802041769028,
    0.0693073719739914,
    0.06895513832569122,
    0.06795039772987366,
    0.06593011319637299,
    0.06690248847007751,
    0.06753642857074738,
    0.06728082150220871,
    0.06483059376478195,
    0.06601990014314651,
    0.06789162009954453,
    0.06786273419857025,
    0.06490309536457062,
    0.06484383344650269,
    0.0660887211561203,
    0.0645487830042839,
    0.06227881833910942,
    0.06338638812303543,
    0.06533488631248474,
    0.06764572858810425,
    0.06537371128797531,
    0.06296607851982117,
    0.06301230192184448,
    0.06175824999809265,
    0.06091315671801567,
    0.06064794212579727,
    0.06064115837216377,
    0.061517782509326935,
    0.06271398812532425,
    0.06385289877653122,
    0.06458722800016403,
    0.0673636645078659,
    0.06383860111236572,
    0.06185081973671913,
    0.060645949095487595,
    0.06051673740148544,
    0.06267964839935303,
    0.06239568069577217,
    0.062085460871458054,
    0.06113947927951813,
    0.061475783586502075,
    0.061445437371730804,
    0.06102956831455231,
    0.06118060648441315,
    0.061178579926490784,
    0.06250224262475967,
    0.06283301115036011,
    0.060729119926691055,
    0.0605911985039711,
    0.06054578348994255,
    0.061318591237068176,
    0.06102269887924194,
    0.05965758115053177,
    0.05988817289471626,
    0.0622861310839653
  ],
  "mse": [
    0.07238300144672394,
    0.06742823123931885,
    0.06714651733636856,
    0.06711044162511826,
    0.0669093132019043,
    0.06671121716499329,
    0.06663438677787781,
    0.06659412384033203,
    0.0664459615945816,
    0.05721043422818184,
    0.032346341758966446,
    0.023954709991812706,
    0.020022835582494736,
    0.017511965706944466,
    0.016172155737876892,
    0.01571894809603691,
    0.016137421131134033,
    0.01824645698070526,
    0.01818602904677391,
    0.015322383493185043,
    0.015210001729428768,
    0.015166799537837505,
    0.015614240430295467,
    0.01554884947836399,
    0.015297711826860905,
    0.014630064368247986,
    0.014980088919401169,
    0.01525007002055645,
    0.015044393949210644,
    0.01426392886787653,
    0.014683266170322895,
    0.015342433005571365,
    0.015313706360757351,
    0.014349096454679966,
    0.014372210018336773,
    0.014677410013973713,
    0.014183261431753635,
    0.013557854108512402,
    0.01390804536640644,
    0.014537157490849495,
    0.015197244472801685,
    0.01446747686713934,
    0.013821537606418133,
    0.013832608237862587,
    0.013423006981611252,
    0.013170472346246243,
    0.013104619458317757,
    0.01311533059924841,
    0.013397560454905033,
    0.013722802512347698,
    0.014088311232626438,
    0.014224903658032417,
    0.015044363215565681,
    0.014007164165377617,
    0.013452589511871338,
    0.013077666983008385,
    0.013074005953967571,
    0.0136431735008955,
    0.013553926721215248,
    0.01349158026278019,
    0.01318435464054346,
    0.013273388147354126,
    0.013280748389661312,
    0.013182944618165493,
    0.013217796571552753,
    0.013255584053695202,
    0.01356475055217743,
    0.013723182491958141,
    0.013037857599556446,
    0.013054542243480682,
    0.013057799078524113,
    0.013244549743831158,
    0.0131684560328722,
    0.012782484292984009,
    0.012858462519943714,
    0.013482794165611267
  ],
  "val_loss": [
    0.06452737003564835,
    0.064360611140728,
    0.06437330693006516,
    0.06458050012588501,
    0.06455127894878387,
    0.0644771009683609,
    0.06441756337881088,
    0.06436249613761902,
    0.06352384388446808,
    0.048768315464258194,
    0.020424211397767067,
    0.018810724839568138,
    0.01690482348203659,
    0.01577390357851982,
    0.01603814586997032,
    0.015626786276698112,
    0.017510272562503815,
    0.01956234499812126,
    0.01591772958636284,
    0.015130952000617981,
    0.01506018079817295,
    0.015217872336506844,
    0.01507167611271143,
    0.015069711953401566,
    0.01449152734130621,
    0.014701210893690586,
    0.014741797000169754,
    0.014879652298986912,
    0.01426366250962019,
    0.014187662862241268,
    0.014637752436101437,
    0.015043757855892181,
    0.014232409186661243,
    0.013914728537201881,
    0.013896938413381577,
    0.01405259221792221,
    0.013788852840662003,
    0.013641654513776302,
    0.014065108262002468,
    0.014627601020038128,
    0.015220494009554386,
    0.01390223391354084,
    0.014007413759827614,
    0.01354234293103218,
    0.013766084797680378,
    0.013673772104084492,
    0.013337426818907261,
    0.013622088357806206,
    0.014420807361602783,
    0.014002111740410328,
    0.014053420163691044,
    0.014921795576810837,
    0.014242524281144142,
    0.014071343466639519,
    0.013595033437013626,
    0.013294316828250885,
    0.013444664888083935,
    0.013837524689733982,
    0.013401699252426624,
    0.013717005960643291,
    0.013627401553094387,
    0.013639836572110653,
    0.013634090311825275,
    0.013730218634009361,
    0.01379605196416378,
    0.013431246392428875,
    0.01368713192641735,
    0.013655773364007473,
    0.013745847158133984,
    0.013688717968761921,
    0.013440103270113468,
    0.013454239815473557,
    0.013644724152982235,
    0.01337442360818386,
    0.013317370787262917,
    0.013473959639668465
  ],